ds,y
2025-07-29 19:38:18,27
2025-07-29 19:38:23,27
2025-07-29 19:38:28,27
2025-07-29 19:38:33,27
2025-07-29 19:38:39,27
2025-07-29 19:38:44,27
2025-07-29 19:38:49,27
2025-07-29 19:38:54,27
2025-07-29 19:38:59,27
2025-07-29 19:39:04,27
2025-07-29 19:39:09,27
2025-07-29 19:39:14,27
2025-07-29 19:39:19,27
2025-07-29 19:39:24,27
2025-07-29 19:39:29,27
2025-07-29 19:39:34,27
2025-07-29 19:39:39,26
2025-07-29 19:39:44,26
2025-07-29 19:39:49,26
2025-07-29 19:39:54,26
2025-07-29 19:39:59,26
2025-07-29 19:40:04,26
2025-07-29 19:40:09,26
2025-07-29 19:40:14,26
2025-07-29 19:40:19,26
2025-07-29 19:40:24,26
2025-07-29 19:40:29,26
2025-07-29 19:40:34,26
2025-07-29 19:40:39,26
2025-07-29 19:40:44,26
2025-07-29 19:40:49,26
2025-07-29 19:40:55,26
2025-07-29 19:41:00,26
2025-07-29 19:41:05,26
2025-07-29 19:41:10,26
2025-07-29 19:41:15,26
2025-07-29 19:41:20,26
2025-07-29 19:41:25,26
2025-07-29 19:41:30,26
2025-07-29 19:41:35,26
2025-07-29 19:41:40,26
2025-07-29 19:41:45,26
2025-07-29 19:41:50,26
2025-07-29 19:41:55,26
2025-07-29 19:42:00,26
2025-07-29 19:42:05,26
2025-07-29 19:42:10,26
2025-07-29 19:42:15,26
2025-07-29 19:42:20,26
2025-07-29 19:42:25,26
2025-07-29 19:42:30,26
2025-07-29 19:42:35,26
2025-07-29 19:42:40,26
2025-07-29 19:42:45,26
2025-07-29 19:42:50,26
2025-07-29 19:42:55,26
2025-07-29 19:43:00,26
2025-07-29 19:43:05,26
2025-07-29 19:43:10,26
2025-07-29 19:43:15,26
2025-07-29 19:43:20,26
2025-07-29 19:43:25,26
2025-07-29 19:43:30,26
2025-07-29 19:43:35,26
2025-07-29 19:43:40,26
2025-07-29 19:43:45,26
2025-07-29 19:43:50,26
2025-07-29 19:43:55,26
2025-07-29 19:44:00,26
2025-07-29 19:44:06,26
2025-07-29 19:44:11,26
2025-07-29 19:44:16,26
2025-07-29 19:44:21,26
2025-07-29 19:44:26,26
2025-07-29 19:44:32,26
2025-07-29 19:44:36,26
2025-07-29 19:44:42,26
2025-07-29 19:44:47,26
2025-07-29 19:44:52,26
2025-07-29 19:44:57,26
2025-07-29 19:45:02,26
2025-07-29 19:45:07,26
2025-07-29 19:45:12,26
2025-07-29 19:45:17,26
2025-07-29 19:45:22,26
2025-07-29 19:45:27,26
2025-07-29 19:45:32,26
2025-07-29 19:45:37,26
2025-07-29 19:45:42,26
2025-07-29 19:45:47,26
2025-07-29 20:12:53,26
2025-07-29 20:12:57,26
2025-07-29 20:13:02,26
2025-07-29 20:13:07,26
2025-07-29 20:13:12,26
2025-07-29 20:13:17,26
2025-07-29 20:13:22,26
2025-07-29 20:13:27,26
2025-07-29 20:13:32,26
2025-07-29 20:13:37,26
2025-07-29 20:13:42,26
2025-07-29 20:13:47,26
2025-07-29 20:13:52,26
2025-07-29 20:13:57,26
2025-07-29 20:14:02,26
2025-07-29 20:14:08,26
2025-07-29 20:14:13,26
2025-07-29 20:14:18,26
2025-07-29 20:14:23,26
2025-07-29 20:14:28,26
2025-07-29 20:14:33,26
2025-07-29 20:14:38,26
2025-07-29 20:14:43,26
2025-07-29 20:14:48,26
2025-07-29 20:14:53,26
2025-07-29 20:14:58,26
2025-07-29 20:15:03,26
2025-07-29 20:15:08,26
2025-07-29 20:15:13,26
2025-07-29 20:15:18,26
2025-07-29 20:15:23,26
2025-07-29 20:15:28,26
2025-07-29 20:15:34,26
2025-07-29 20:15:39,26
2025-07-29 20:15:44,26
2025-07-29 20:15:49,26
2025-07-29 20:15:54,26
2025-07-29 20:15:59,26
2025-07-29 20:16:04,26
2025-07-29 20:16:09,26
2025-07-29 20:16:14,26
2025-07-29 20:16:19,26
2025-07-29 20:16:24,26
2025-07-29 20:16:29,26
2025-07-29 20:16:34,26
2025-07-29 20:16:39,26
2025-07-29 20:16:44,26
2025-07-29 20:16:49,26
2025-07-29 20:16:54,26
2025-07-29 20:16:59,26
2025-07-29 20:17:04,26
2025-07-29 20:17:09,26
2025-07-29 20:17:14,26
2025-07-29 20:17:19,26
2025-07-29 20:17:24,26
2025-07-29 20:17:29,26
2025-07-29 20:17:34,26
2025-07-29 20:17:39,26
2025-07-29 20:17:44,26
2025-07-29 20:17:49,26
2025-07-29 20:17:54,26
2025-07-29 20:17:59,26
2025-07-29 20:18:04,26
2025-07-29 20:18:09,26
2025-07-29 20:18:14,26
2025-07-29 20:18:19,26
2025-07-29 20:18:24,26
2025-07-29 20:18:29,26
2025-07-29 20:18:34,26
2025-07-29 20:18:39,26
2025-07-29 20:18:44,26
2025-07-29 20:18:50,26
2025-07-29 20:18:55,26
2025-07-29 20:19:00,26
2025-07-29 20:19:05,26
2025-07-29 20:19:10,26
2025-07-29 20:19:15,26
2025-07-29 20:19:20,26
2025-07-29 20:19:25,26
2025-07-29 20:19:30,26
2025-07-29 20:19:35,26
2025-07-29 20:19:40,26
2025-07-29 20:19:45,26
2025-07-29 20:19:50,26
2025-07-29 20:19:55,26
2025-07-29 20:20:00,26
2025-07-29 20:20:05,26
2025-07-29 20:20:10,26
2025-07-29 20:20:15,26
2025-07-29 20:20:20,26
2025-07-29 20:20:25,26
2025-07-29 20:20:30,26
2025-07-29 20:20:35,26
2025-07-29 20:20:40,26
2025-07-29 20:20:45,26
2025-07-29 20:20:50,26
2025-07-29 20:20:55,26
2025-07-29 20:21:01,26
2025-07-29 20:21:06,26
2025-07-29 20:21:11,26
2025-07-29 20:21:16,26
2025-07-29 20:21:21,26
2025-07-29 20:21:26,26
2025-07-29 20:21:31,26
2025-07-29 20:21:36,26
2025-07-29 20:21:41,26
2025-07-29 20:21:46,26
2025-07-29 20:21:51,26
2025-07-29 20:21:56,26
2025-07-29 20:22:02,26
2025-07-29 20:22:07,26
2025-07-29 20:22:12,26
2025-07-29 20:22:17,26
2025-07-29 20:22:22,26
2025-07-29 20:22:27,26
2025-07-29 20:22:32,26
2025-07-29 20:22:37,26
2025-07-29 20:22:42,26
2025-07-29 20:25:31,26
2025-07-29 20:25:34,26
2025-07-29 20:25:38,26
2025-07-29 20:25:43,26
2025-07-29 20:25:48,26
2025-07-29 20:25:53,26
2025-07-29 20:25:58,26
2025-07-29 20:26:03,26
2025-07-29 20:26:08,26
2025-07-29 20:26:13,26
2025-07-29 20:26:18,26
2025-07-29 20:26:23,26
2025-07-29 20:26:28,26
2025-07-29 20:26:33,26
2025-07-29 20:26:38,26
2025-07-29 20:26:43,26
2025-07-29 20:26:48,26
2025-07-29 20:26:53,26
2025-07-29 20:26:58,26
2025-07-29 20:27:03,26
2025-07-29 20:27:08,26
2025-07-29 20:27:14,26
2025-07-29 20:27:18,27
2025-07-29 20:27:24,26
2025-07-29 20:27:29,26
2025-07-29 20:27:34,26
2025-07-29 20:27:39,26
2025-07-29 20:27:44,27
2025-07-29 20:27:49,27
2025-07-29 20:27:54,26
2025-07-29 20:27:59,27
2025-07-29 20:28:04,27
2025-07-29 20:28:09,27
2025-07-29 20:28:14,27
2025-07-29 20:28:19,27
2025-07-29 20:28:24,27
2025-07-29 20:28:29,27
2025-07-29 20:28:34,27
2025-07-29 20:28:39,27
2025-07-29 20:28:44,27
2025-07-29 20:28:49,27
2025-07-29 20:28:54,27
2025-07-29 20:28:59,27
2025-07-29 20:29:04,27
2025-07-29 20:29:09,27
2025-07-29 20:29:14,27
2025-07-29 20:29:19,27
2025-07-29 20:29:24,27
2025-07-29 20:29:29,27
2025-07-29 20:29:34,27
2025-07-29 20:29:39,27
2025-07-29 20:29:44,27
2025-07-29 20:29:49,27
2025-07-29 20:29:54,27
2025-07-29 20:29:59,27
2025-07-29 20:30:04,27
2025-07-29 20:30:10,27
2025-07-29 20:30:15,27
2025-07-29 20:30:20,27
2025-07-29 20:30:25,27
2025-07-29 20:30:30,27
2025-07-29 20:30:35,27
2025-07-29 20:30:40,27
2025-07-29 20:30:45,27
2025-07-29 20:30:50,27
2025-07-29 20:30:55,27
2025-07-29 20:31:00,27
2025-07-29 20:31:05,27
2025-07-29 20:31:10,27
2025-07-29 20:31:15,27
2025-07-29 20:31:20,27
2025-07-29 20:31:25,27
2025-07-29 20:31:30,27
2025-07-29 20:31:35,27
2025-07-29 20:31:40,27
2025-07-29 20:31:45,27
2025-07-29 20:31:50,27
2025-07-29 20:31:55,27
2025-07-29 20:32:00,27
2025-07-29 20:32:05,27
2025-07-29 20:32:10,27
2025-07-29 20:32:15,27
2025-07-29 20:32:20,27
2025-07-29 20:32:25,27
2025-07-29 20:32:30,27
2025-07-29 20:32:36,27
2025-07-29 20:32:41,27
2025-07-29 20:32:46,27
2025-07-29 20:32:51,27
2025-07-29 20:32:56,27
2025-07-29 20:33:01,27
2025-07-29 20:33:07,27
2025-07-29 20:33:12,27
2025-07-29 20:33:17,27
2025-07-29 20:33:22,27
2025-07-29 20:33:27,27
2025-07-29 20:33:32,27
2025-07-29 20:33:37,27
2025-07-29 20:33:42,27
2025-07-29 20:33:47,27
2025-07-29 20:33:52,27
2025-07-29 20:33:57,27
2025-07-29 20:34:02,27
2025-07-29 20:34:07,27
2025-07-29 20:34:12,27
2025-07-29 20:34:17,27
2025-07-29 20:34:22,27
2025-07-29 20:34:27,27
2025-07-29 20:34:32,27
2025-07-29 20:34:37,27
2025-07-29 20:34:42,27
2025-07-29 20:34:47,27
2025-07-29 20:34:52,27
2025-07-29 20:34:57,27
2025-07-29 20:35:02,27
2025-07-29 20:35:07,27
2025-07-29 20:35:12,27
2025-07-29 20:35:17,27
2025-07-29 20:35:22,27
2025-07-29 20:35:27,27
2025-07-29 20:35:32,27
2025-07-29 20:35:37,27
2025-07-29 20:35:42,27
2025-07-29 20:35:47,27
2025-07-29 20:35:52,27
2025-07-29 20:35:57,27
2025-07-29 20:36:02,27
2025-07-29 20:36:08,27
2025-07-29 20:36:13,27
2025-07-29 20:36:18,27
2025-07-29 20:36:23,27
2025-07-29 20:36:28,27
2025-07-29 20:36:33,27
2025-07-29 20:36:38,27
2025-07-29 20:36:43,27
2025-07-29 20:36:48,27
2025-07-29 20:36:53,27
2025-07-29 20:36:58,27
2025-07-29 20:37:03,27
2025-07-29 20:37:08,27
2025-07-29 20:37:13,27
2025-07-29 20:37:18,27
2025-07-29 20:37:23,27
2025-07-29 20:37:28,27
2025-07-29 20:37:33,27
2025-07-29 20:37:38,27
2025-07-29 20:37:43,27
2025-07-29 20:37:48,27
2025-07-29 20:37:53,27
2025-07-29 20:37:58,27
2025-07-29 20:38:03,27
2025-07-29 20:38:08,27
2025-07-29 20:38:13,27
2025-07-29 20:38:18,27
2025-07-29 20:38:23,27
2025-07-29 20:38:28,27
2025-07-29 20:38:33,27
2025-07-29 20:38:38,27
2025-07-29 20:38:43,27
2025-07-29 20:38:48,27
2025-07-29 20:38:53,27
2025-07-29 20:38:58,27
2025-07-29 20:39:03,27
2025-07-29 20:39:08,27
2025-07-29 20:39:14,27
2025-07-29 20:39:18,27
2025-07-29 20:39:24,27
2025-07-29 20:39:29,27
2025-07-29 20:39:34,27
2025-07-29 20:39:39,27
2025-07-29 20:39:44,27
2025-07-29 20:39:49,27
2025-07-29 20:39:55,27
2025-07-29 20:40:00,27
2025-07-29 20:40:05,27
2025-07-29 20:40:10,27
2025-07-29 20:40:15,27
2025-07-29 20:40:20,27
2025-07-29 20:40:25,27
2025-07-29 20:40:30,27
2025-07-29 20:40:35,27
2025-07-29 20:40:40,27
2025-07-29 20:40:45,27
2025-07-29 20:40:50,27
2025-07-29 20:40:55,27
2025-07-29 20:41:00,27
2025-07-29 20:41:05,27
2025-07-29 20:41:10,27
2025-07-29 20:41:15,27
2025-07-29 20:41:20,27
2025-07-29 20:41:25,27
2025-07-29 20:41:30,27
2025-07-29 20:41:35,27
2025-07-29 20:41:40,27
2025-07-29 20:41:45,27
2025-07-29 20:41:50,27
2025-07-29 20:41:55,27
2025-07-29 20:42:00,27
2025-07-29 20:42:05,27
2025-07-29 20:42:10,27
2025-07-29 20:42:16,27
2025-07-29 20:42:20,27
2025-07-29 20:42:26,27
2025-07-29 20:42:31,27
2025-07-29 20:42:36,27
2025-07-29 20:42:41,27
2025-07-29 20:42:46,27
2025-07-29 20:42:51,27
2025-07-29 20:42:56,27
2025-07-29 20:43:01,27
2025-07-29 20:43:06,27
2025-07-29 20:43:11,27
2025-07-29 20:43:16,27
2025-07-29 20:43:21,27
2025-07-29 20:43:26,27
2025-07-29 20:43:31,27
2025-07-29 20:43:36,27
2025-07-29 20:43:41,27
2025-07-29 20:43:46,27
2025-07-29 20:43:51,27
2025-07-29 20:43:56,27
2025-07-29 20:44:01,27
2025-07-29 20:44:06,27
2025-07-29 20:44:11,27
2025-07-29 20:44:16,27
2025-07-29 20:44:21,27
2025-07-29 20:44:26,27
2025-07-29 20:44:31,27
2025-07-29 20:44:36,27
2025-07-29 20:44:41,27
2025-07-29 20:44:46,27
2025-07-29 20:44:51,27
2025-07-29 20:44:56,27
2025-07-29 20:45:01,27
2025-07-29 20:45:06,27
2025-07-29 20:45:11,27
2025-07-29 20:45:17,27
2025-07-29 20:45:22,27
2025-07-29 20:45:27,27
2025-07-29 20:45:32,27
2025-07-29 20:45:37,27
2025-07-29 20:45:42,27
2025-07-29 20:45:47,27
2025-07-29 20:45:52,27
2025-07-29 20:45:57,27
2025-07-29 20:46:02,27
2025-07-29 20:46:07,27
2025-07-29 20:46:12,27
2025-07-29 20:46:17,27
2025-07-29 20:46:22,27
2025-07-29 20:46:27,27
2025-07-29 21:05:43,27
2025-07-29 21:05:46,27
2025-07-29 21:05:49,27
2025-07-29 21:05:52,27
2025-07-29 21:05:55,27
2025-07-29 21:05:58,27
2025-07-29 21:06:01,27
2025-07-29 21:06:04,27
2025-07-29 21:06:07,27
2025-07-30 19:00:51,28
2025-07-30 19:00:54,28
2025-07-30 19:08:08,28
2025-07-30 19:10:49,28
2025-07-30 19:11:10,28
2025-07-30 19:11:16,28
2025-07-30 19:12:48,28
2025-07-30 19:12:52,28
2025-07-30 19:12:56,28
2025-07-30 19:13:23,28
2025-07-30 19:16:29,28
2025-07-30 19:16:34,28
2025-07-30 19:16:39,28
2025-07-30 19:16:44,29
2025-07-30 19:16:49,28
2025-07-30 19:16:54,28
2025-07-30 19:16:59,28
2025-07-30 19:17:04,28
2025-07-30 19:17:10,28
2025-07-30 19:17:15,28
2025-07-30 19:17:20,29
2025-07-30 19:17:25,28
2025-07-30 19:17:30,28
2025-07-30 19:17:35,28
2025-07-30 19:24:17,28
2025-07-30 19:24:20,28
2025-07-30 19:24:25,28
2025-07-30 19:24:30,28
2025-07-30 19:24:35,28
2025-07-30 19:24:40,28
2025-07-30 19:24:46,28
2025-07-30 19:24:51,28
2025-07-30 19:24:56,28
2025-07-30 19:25:38,29
2025-07-30 19:25:41,29
2025-07-30 19:25:46,29
2025-07-30 19:25:51,29
2025-07-30 19:25:56,29
2025-07-30 19:26:01,29
2025-07-30 19:26:06,29
2025-07-30 19:26:12,29
2025-07-30 19:26:17,29
2025-07-30 19:26:22,29
2025-07-30 19:26:27,29
2025-07-30 19:26:32,29
2025-07-30 19:26:37,29
2025-07-30 19:26:42,29
2025-07-30 19:26:47,29
2025-07-30 19:26:52,29
2025-07-30 19:26:57,29
2025-07-30 19:27:02,29
2025-07-30 19:27:07,29
2025-07-30 19:27:12,29
2025-07-30 19:27:17,29
2025-07-30 19:27:22,29
2025-07-30 19:27:27,29
2025-07-30 19:27:32,29
2025-07-30 19:27:37,29
2025-07-30 19:27:43,29
2025-07-30 19:27:48,29
2025-07-30 19:27:53,29
2025-07-30 19:27:58,29
2025-07-30 19:28:03,29
2025-07-30 19:28:08,29
2025-07-30 19:28:13,29
2025-07-30 19:28:18,29
2025-07-30 19:28:23,29
2025-07-30 19:28:28,29
2025-07-30 19:28:33,29
2025-07-30 19:28:38,29
2025-07-30 19:28:43,29
2025-07-30 19:28:48,29
2025-07-30 19:28:53,29
2025-07-30 19:28:58,29
2025-07-30 19:29:04,29
2025-07-30 19:29:08,29
2025-07-30 19:29:14,29
2025-07-30 19:29:19,29
2025-07-30 19:29:24,29
2025-07-30 19:29:29,29
2025-07-30 19:29:34,29
2025-07-30 19:29:39,29
2025-07-30 19:29:44,29
2025-07-30 19:29:49,29
2025-07-30 19:29:54,29
2025-07-30 19:29:59,29
2025-07-30 19:30:04,29
2025-07-30 19:30:09,29
2025-07-30 19:38:37,29
2025-07-30 19:38:42,29
2025-07-30 19:38:47,29
2025-07-30 19:38:52,29
2025-07-30 19:38:57,29
2025-07-30 19:39:02,29
2025-07-30 19:39:09,29
2025-07-30 19:39:13,29
2025-07-30 19:39:19,29
2025-07-30 19:39:24,29
2025-07-30 19:39:29,29
2025-07-30 19:39:34,29
2025-07-30 19:39:39,29
2025-07-30 19:39:44,29
2025-07-30 19:39:49,29
2025-07-30 19:39:54,29
2025-07-30 19:39:59,29
2025-07-30 19:40:04,29
2025-07-30 19:40:09,29
2025-07-30 19:40:14,29
2025-07-30 19:40:19,29
2025-07-30 19:40:24,29
2025-07-30 19:40:29,29
2025-07-30 19:40:34,29
2025-07-30 19:40:39,29
2025-07-30 19:40:44,29
2025-07-30 19:40:49,29
2025-07-30 19:40:54,29
2025-07-30 19:40:59,29
2025-07-30 19:41:04,29
2025-07-30 19:41:09,29
2025-07-30 19:41:14,29
2025-07-30 19:41:19,29
2025-07-30 19:41:24,29
2025-07-30 19:41:29,29
2025-07-30 19:41:34,29
2025-07-30 19:41:39,29
2025-07-30 19:41:44,29
2025-07-30 19:41:49,29
2025-07-30 19:41:54,29
2025-07-30 19:42:00,29
2025-07-30 19:42:05,29
2025-07-30 19:42:10,29
2025-07-30 19:42:15,29
2025-07-30 19:42:20,29
2025-07-30 19:42:25,29
2025-07-30 19:42:30,29
2025-07-30 19:42:35,29
2025-07-30 19:42:40,29
2025-07-30 19:42:45,29
2025-07-30 19:42:50,29
2025-07-30 19:42:55,29
2025-07-30 19:43:00,29
2025-07-30 19:43:05,29
2025-07-30 19:43:10,29
2025-07-30 19:43:15,29
2025-07-30 19:43:20,29
2025-07-30 19:43:25,29
2025-07-30 19:43:30,29
2025-07-30 19:43:35,29
2025-07-30 19:43:40,29
2025-07-30 19:50:05,29
2025-07-30 19:50:08,29
2025-07-30 19:50:14,29
2025-07-30 19:50:19,29
2025-07-30 19:50:24,29
2025-07-30 19:50:29,29
2025-07-30 19:50:34,29
2025-07-30 19:50:39,29
2025-07-30 19:50:44,29
2025-07-30 19:50:49,29
2025-07-30 19:50:54,29
2025-07-30 19:50:59,29
2025-07-30 19:51:04,29
2025-07-30 19:51:09,29
2025-07-30 19:51:14,29
2025-07-30 19:51:19,29
2025-07-30 19:51:24,29
2025-07-30 19:51:29,29
2025-07-30 19:51:34,29
2025-07-30 19:51:39,29
2025-07-30 19:51:44,29
2025-07-30 19:51:49,29
2025-07-30 19:51:54,29
2025-07-30 19:51:59,29
2025-07-30 19:52:04,29
2025-07-30 19:52:09,29
2025-07-30 19:52:14,29
2025-07-30 19:52:19,29
2025-07-30 19:52:24,29
2025-07-30 19:52:29,29
2025-07-30 19:52:34,29
2025-07-30 19:52:39,29
2025-07-30 19:52:44,29
2025-07-30 19:52:49,29
2025-07-30 19:52:54,29
2025-07-30 19:52:59,29
2025-07-30 19:53:04,29
2025-07-30 19:53:10,29
2025-07-30 19:53:14,29
2025-07-30 19:53:20,29
2025-07-30 19:53:25,29
2025-07-30 19:53:30,29
2025-07-30 19:53:35,29
2025-07-30 19:53:40,29
2025-07-30 19:53:45,29
2025-07-30 19:53:50,29
2025-07-30 19:53:55,29
2025-07-30 19:54:00,29
2025-07-30 19:54:05,29
2025-07-30 19:54:10,29
2025-07-30 19:54:15,29
2025-07-30 19:54:20,29
2025-07-30 19:54:25,29
2025-07-30 19:54:30,29
2025-07-30 19:54:36,29
2025-07-30 19:54:41,29
2025-07-30 19:54:46,29
2025-07-30 19:54:51,29
2025-07-30 19:54:56,29
2025-07-30 19:55:01,29
2025-07-30 19:55:06,29
2025-07-30 19:55:11,29
2025-07-30 19:55:16,29
2025-07-30 19:55:21,29
2025-07-30 19:55:26,29
2025-07-30 19:55:31,29
2025-07-30 19:55:36,29
2025-07-30 19:55:41,29
2025-07-30 19:55:46,29
2025-07-30 19:55:51,29
2025-07-30 19:55:56,29
2025-07-30 19:56:01,29
2025-07-30 19:56:06,29
2025-07-30 19:56:12,29
2025-07-30 19:56:16,29
2025-07-30 19:56:22,29
2025-07-30 19:56:27,29
2025-07-30 19:56:32,29
2025-07-30 19:56:37,29
2025-07-30 19:56:42,29
2025-07-30 19:56:47,29
2025-07-30 19:56:52,29
2025-07-30 19:56:57,29
2025-07-30 19:57:02,29
2025-07-30 19:57:07,29
2025-07-30 19:57:12,29
2025-07-30 19:57:17,29
2025-07-30 19:57:22,29
2025-07-30 19:57:27,29
2025-07-30 19:57:32,29
2025-07-30 19:57:37,29
2025-07-30 19:57:42,29
2025-07-30 19:57:47,29
2025-07-30 19:57:52,29
2025-07-30 19:57:57,29
2025-07-30 19:58:02,29
2025-07-30 19:58:07,29
2025-07-30 19:58:12,29
2025-07-30 19:58:17,29
2025-07-30 19:58:22,29
2025-07-30 19:58:27,29
2025-07-30 19:58:32,29
2025-07-30 19:58:37,29
2025-07-30 19:58:42,29
2025-07-30 19:58:47,29
2025-07-30 19:58:52,29
2025-07-30 19:58:57,29
2025-07-30 19:59:02,29
2025-07-30 19:59:07,29
2025-07-30 19:59:13,29
2025-07-30 19:59:18,29
2025-07-30 19:59:23,29
2025-07-30 19:59:28,29
2025-07-30 19:59:33,29
2025-07-30 19:59:38,29
2025-07-30 19:59:43,29
2025-07-30 19:59:48,29
2025-07-30 19:59:53,29
2025-07-30 19:59:58,29
2025-07-30 20:00:03,29
2025-07-30 20:00:08,29
2025-07-30 20:00:13,29
2025-07-30 20:00:18,29
2025-07-30 20:00:23,29
2025-07-30 20:00:28,29
2025-07-30 20:00:33,29
2025-07-30 20:00:38,29
2025-07-30 20:00:43,29
2025-07-30 20:00:48,29
2025-07-30 20:00:53,29
2025-07-30 20:00:58,29
2025-07-30 20:01:03,29
2025-07-30 20:01:08,29
2025-07-30 20:01:13,29
2025-07-30 20:01:18,29
2025-07-30 20:01:23,29
2025-07-30 20:01:29,29
2025-07-30 20:01:34,29
2025-07-30 20:01:39,29
2025-07-30 20:01:44,29
2025-07-30 20:01:49,29
2025-07-30 20:01:54,29
2025-07-30 20:01:59,29
2025-07-30 20:02:04,29
2025-07-30 20:02:09,29
2025-07-30 20:02:15,29
2025-07-30 20:02:20,29
2025-07-30 20:02:25,29
2025-07-30 20:02:30,29
2025-07-30 20:02:35,29
2025-07-30 20:02:40,29
2025-07-30 20:02:45,29
2025-07-30 20:02:50,29
2025-07-30 20:02:55,29
2025-07-30 20:03:00,29
2025-07-30 20:03:05,29
2025-07-30 20:03:10,29
2025-07-30 20:03:15,29
2025-07-30 20:03:20,29
2025-07-30 20:03:25,29
2025-07-30 20:03:30,29
2025-07-30 20:03:35,29
2025-07-30 20:03:40,29
2025-07-30 20:03:45,29
2025-07-30 20:03:50,29
2025-07-30 20:03:55,29
2025-07-30 20:04:00,29
2025-07-30 20:04:05,29
2025-07-30 20:04:10,29
2025-07-30 20:04:15,29
2025-07-30 20:04:20,29
2025-07-30 20:04:25,29
2025-07-30 20:04:30,29
2025-07-30 20:04:35,29
2025-07-30 20:04:40,29
2025-07-30 20:04:45,29
2025-07-30 20:04:50,29
2025-07-30 20:04:55,29
2025-07-30 20:05:00,29
2025-07-30 20:05:05,29
2025-07-30 20:05:11,29
2025-07-30 20:05:16,29
2025-07-30 20:05:21,29
2025-07-30 20:05:26,29
2025-07-30 20:05:31,29
2025-07-30 20:05:36,29
2025-07-30 20:05:41,29
2025-07-30 20:05:46,29
2025-07-30 20:05:51,29
2025-07-30 20:05:56,29
2025-07-30 20:06:01,29
2025-07-30 20:06:06,29
2025-07-30 20:06:11,29
2025-07-30 20:06:16,29
2025-07-30 20:06:21,29
2025-07-30 20:06:26,29
2025-07-30 20:06:31,29
2025-07-30 20:06:36,29
2025-07-30 20:06:41,29
2025-07-30 20:06:46,29
2025-07-30 20:06:51,29
2025-07-30 20:06:56,29
2025-07-30 20:07:01,29
2025-07-30 20:07:06,29
2025-07-30 20:07:11,29
2025-07-30 20:07:16,29
2025-07-30 20:07:21,29
2025-07-30 20:07:26,29
2025-07-30 20:07:31,29
2025-07-30 20:07:36,29
2025-07-30 20:07:41,29
2025-07-30 20:07:46,29
2025-07-30 20:07:52,29
2025-07-30 20:07:57,29
2025-07-30 20:08:02,29
2025-07-30 20:08:07,29
2025-07-30 20:08:12,29
2025-07-30 20:08:17,29
2025-07-30 20:08:23,29
2025-07-30 20:08:28,29
2025-07-30 20:08:33,29
2025-07-30 20:08:38,29
2025-07-30 20:08:43,29
2025-07-30 20:08:48,29
2025-07-30 20:08:53,29
2025-07-30 20:08:58,29
2025-07-30 20:09:03,29
2025-07-30 20:09:08,29
2025-07-30 20:09:13,29
2025-07-30 20:09:18,29
2025-07-30 20:09:23,29
2025-07-30 20:09:28,29
2025-07-30 20:09:33,29
2025-07-30 20:09:38,29
2025-07-30 20:09:43,29
2025-07-30 20:09:48,29
2025-07-30 20:09:53,29
2025-07-30 20:09:58,29
2025-07-30 20:10:03,29
2025-07-30 20:10:08,29
2025-07-30 20:10:13,29
2025-07-30 20:10:18,29
2025-07-30 20:10:23,29
2025-07-30 20:10:28,29
2025-07-30 20:10:33,29
2025-07-30 20:10:38,29
2025-07-30 20:10:43,29
2025-07-30 20:10:48,29
2025-07-30 20:10:53,29
2025-07-30 20:10:58,29
2025-07-30 20:11:03,29
2025-07-30 20:11:08,29
2025-07-30 20:11:13,29
2025-07-30 20:11:18,29
2025-07-30 20:11:24,29
2025-07-30 20:11:28,29
2025-07-30 20:11:34,29
2025-07-30 20:11:39,29
2025-07-30 20:11:44,29
2025-07-30 20:11:49,29
2025-07-30 20:11:54,29
2025-07-30 20:11:59,29
2025-07-30 20:12:04,29
2025-07-30 20:12:09,29
2025-07-30 20:12:14,29
2025-07-30 20:12:19,29
2025-07-30 20:12:24,29
2025-07-30 20:12:29,29
2025-07-30 20:12:34,29
2025-07-30 20:12:39,29
2025-07-30 20:12:44,29
2025-07-30 20:12:49,29
2025-07-30 20:12:54,29
2025-07-30 20:12:59,29
2025-07-30 20:13:04,29
2025-07-30 20:13:09,29
2025-07-30 20:13:14,29
2025-07-30 20:13:19,29
2025-07-30 20:13:24,29
2025-07-30 20:13:29,29
2025-07-30 20:13:34,29
2025-07-30 20:13:39,29
2025-07-30 20:13:44,29
2025-07-30 20:13:49,29
2025-07-30 20:13:54,29
2025-07-30 20:13:59,29
2025-07-30 20:14:04,29
2025-07-30 20:14:09,29
2025-07-30 20:14:14,29
2025-07-30 20:14:19,29
2025-07-30 20:14:25,29
2025-07-30 20:14:29,29
2025-07-30 20:14:35,29
2025-07-30 20:14:41,29
2025-07-30 20:14:46,29
2025-07-30 20:14:51,29
2025-07-30 20:14:56,29
2025-07-30 20:15:01,29
2025-07-30 20:15:06,29
2025-07-30 20:15:11,29
2025-07-30 20:15:16,29
2025-07-30 20:15:21,29
2025-07-30 20:15:26,29
2025-07-30 20:15:31,29
2025-07-30 20:15:36,29
2025-07-30 20:15:41,29
2025-07-30 20:15:46,29
2025-07-30 20:15:51,29
2025-07-30 20:15:56,29
2025-07-30 20:16:01,29
2025-07-30 20:16:06,29
2025-07-30 20:16:11,29
2025-07-30 20:16:16,29
2025-07-30 20:16:21,29
2025-07-30 20:16:26,29
2025-07-30 20:16:31,29
2025-07-30 20:16:36,29
2025-07-30 20:16:41,29
2025-07-30 20:16:46,29
2025-07-30 20:16:51,29
2025-07-30 20:16:56,29
2025-07-30 20:17:01,29
2025-07-30 20:17:06,29
2025-07-30 20:17:11,29
2025-07-30 20:17:16,29
2025-07-30 20:17:21,29
2025-07-30 20:17:27,29
2025-07-30 20:17:32,29
2025-07-30 20:17:37,29
2025-07-30 20:17:42,29
2025-07-30 20:17:47,29
2025-07-30 20:17:52,29
2025-07-30 20:17:57,29
2025-07-30 20:18:02,29
2025-07-30 20:18:07,29
2025-07-30 20:18:12,29
2025-07-30 20:18:17,29
2025-07-30 20:18:22,29
2025-07-30 20:18:27,29
2025-07-30 20:18:32,29
2025-07-30 20:18:37,29
2025-07-30 20:18:42,29
2025-07-30 20:18:47,29
2025-07-30 20:18:52,29
2025-07-30 20:18:57,29
2025-07-30 20:19:02,29
2025-07-30 20:19:07,29
2025-07-30 20:19:12,29
2025-07-30 20:19:17,29
2025-07-30 20:19:22,29
2025-07-30 20:19:27,29
2025-07-30 20:19:32,29
2025-07-30 20:19:37,29
2025-07-30 20:19:42,29
2025-07-30 20:19:47,29
2025-07-30 20:19:52,29
2025-07-30 20:19:57,29
2025-07-30 20:20:02,29
2025-07-30 20:20:07,29
2025-07-30 20:20:12,29
2025-07-30 20:20:17,29
2025-07-30 20:20:22,29
2025-07-30 20:20:28,29
2025-07-30 20:20:33,29
2025-07-30 20:20:38,29
2025-07-30 20:20:43,29
2025-07-30 20:20:48,29
2025-07-30 20:20:53,29
2025-07-30 20:20:58,29
2025-07-30 20:21:03,29
2025-07-30 20:21:08,29
2025-07-30 20:21:13,29
2025-07-30 20:21:18,29
2025-07-30 20:21:24,29
2025-07-30 20:21:29,29
2025-07-30 20:21:34,29
2025-07-30 20:21:39,29
2025-07-30 20:21:44,29
2025-07-30 20:21:49,29
2025-07-30 20:21:54,29
2025-07-30 20:21:59,29
2025-07-30 20:22:04,29
2025-07-30 20:22:09,29
2025-07-30 20:22:14,29
2025-07-30 20:22:19,29
2025-07-30 20:22:24,29
2025-07-30 20:22:29,29
2025-07-30 20:22:34,29
2025-07-30 20:22:39,28
2025-07-30 20:22:44,28
2025-07-30 20:22:49,29
2025-07-30 20:22:54,29
2025-07-30 20:22:59,29
2025-07-30 20:23:04,29
2025-07-30 20:23:09,28
2025-07-30 20:23:14,29
2025-07-30 20:23:20,29
2025-07-30 20:23:25,29
2025-07-30 20:23:30,28
2025-07-30 20:23:35,28
2025-07-30 20:23:40,29
2025-07-30 20:23:45,28
2025-07-30 20:23:50,29
2025-07-30 20:23:55,29
2025-07-30 20:24:00,29
2025-07-30 20:24:05,29
2025-07-30 20:24:10,29
2025-07-30 20:24:15,28
2025-07-30 20:24:20,28
2025-07-30 20:24:25,28
2025-07-30 20:24:30,28
2025-07-30 20:24:35,28
2025-07-30 20:24:40,28
2025-07-30 20:24:45,28
2025-07-30 20:24:50,28
2025-07-30 20:24:55,28
2025-07-30 20:25:00,28
2025-07-30 20:25:05,28
2025-07-30 20:25:10,28
2025-07-30 20:25:15,28
2025-07-30 20:25:20,28
2025-07-30 20:25:25,28
2025-07-30 20:25:30,28
2025-07-30 20:25:35,28
2025-07-30 20:25:40,28
2025-07-30 20:25:45,28
2025-07-30 20:25:50,28
2025-07-30 20:25:55,28
2025-07-30 20:26:00,28
2025-07-30 20:26:05,28
2025-07-30 20:26:10,29
2025-07-30 20:26:15,29
2025-07-30 20:26:20,28
2025-07-30 20:26:25,29
2025-07-30 20:26:30,28
2025-07-30 20:26:35,29
2025-07-30 20:26:40,28
2025-07-30 20:26:45,28
2025-07-30 20:26:50,28
2025-07-30 20:26:56,28
2025-07-30 20:27:01,28
2025-07-30 20:27:06,28
2025-07-30 20:27:11,28
2025-07-30 20:27:16,29
2025-07-30 20:27:22,28
2025-07-30 20:27:27,28
2025-07-30 20:27:32,29
2025-07-30 20:27:37,28
2025-07-30 20:27:42,29
2025-07-30 20:27:47,28
2025-07-30 20:27:52,29
2025-07-30 20:27:57,28
2025-07-30 20:28:02,29
2025-07-30 20:28:07,29
2025-07-30 20:28:12,29
2025-07-30 20:28:17,29
2025-07-30 20:28:22,28
2025-07-30 20:28:27,29
2025-07-30 20:28:32,29
2025-07-30 20:28:37,29
2025-07-30 20:28:42,29
2025-07-30 20:28:47,29
2025-07-30 20:28:52,29
2025-07-30 20:28:57,29
2025-07-30 20:29:02,29
2025-07-30 20:29:07,29
2025-07-30 20:29:12,29
2025-07-30 20:29:17,29
2025-07-30 20:29:22,29
2025-07-30 20:29:27,29
2025-07-30 20:29:32,29
2025-07-30 20:29:37,29
2025-07-30 20:29:42,29
2025-07-30 20:29:48,29
2025-07-30 20:29:52,29
2025-07-30 20:29:58,29
2025-07-30 20:30:03,29
2025-07-30 20:30:08,29
2025-07-30 20:30:13,29
2025-07-30 20:30:18,29
2025-07-30 20:30:23,29
2025-07-30 20:30:28,29
2025-07-30 20:30:33,29
2025-07-30 20:30:38,29
2025-07-30 20:30:43,29
2025-07-30 20:30:48,29
2025-07-30 20:30:53,29
2025-07-30 20:30:58,29
2025-07-30 20:31:03,29
2025-07-30 20:31:08,29
2025-07-30 20:31:13,29
2025-07-30 20:31:18,29
2025-07-30 20:31:23,29
2025-07-30 20:31:28,29
2025-07-30 20:31:33,29
2025-07-30 20:31:38,29
2025-07-30 20:31:43,29
2025-07-30 20:31:48,29
2025-07-30 20:31:53,29
2025-07-30 20:31:58,29
2025-07-30 20:32:03,29
2025-07-30 20:32:08,29
2025-07-30 20:32:13,29
2025-07-30 20:32:18,29
2025-07-30 20:32:23,29
2025-07-30 20:32:28,29
2025-07-30 20:32:33,29
2025-07-30 20:32:38,29
2025-07-30 20:32:43,29
2025-07-30 20:32:49,29
2025-07-30 20:32:54,29
2025-07-30 20:32:59,29
2025-07-30 20:33:04,29
2025-07-30 20:33:09,29
2025-07-30 20:33:14,29
2025-07-30 20:33:19,29
2025-07-30 20:33:24,29
2025-07-30 20:33:29,29
2025-07-30 20:33:34,29
2025-07-30 20:33:39,29
2025-07-30 20:33:44,29
2025-07-30 20:33:49,29
2025-07-30 20:33:54,29
2025-07-30 20:33:59,29
2025-07-30 20:34:05,29
2025-07-30 20:34:10,29
2025-07-30 20:34:15,29
2025-07-30 20:34:20,29
2025-07-30 20:34:25,29
2025-07-30 20:34:30,29
2025-07-30 20:34:35,29
2025-07-30 20:34:40,29
2025-07-30 20:34:45,29
2025-07-30 20:34:50,29
2025-07-30 20:34:55,29
2025-07-30 20:35:00,29
2025-07-30 20:35:05,29
2025-07-30 20:35:10,29
2025-07-30 20:35:15,29
2025-07-30 20:35:20,29
2025-07-30 20:35:25,29
2025-07-30 20:35:30,29
2025-07-30 20:35:35,29
2025-07-30 20:35:40,29
2025-07-30 20:35:45,29
2025-07-30 20:35:51,29
2025-07-30 20:35:56,29
2025-07-30 20:36:01,29
2025-07-30 20:36:06,29
2025-07-30 20:36:11,29
2025-07-30 20:36:16,29
2025-07-30 20:36:21,29
2025-07-30 20:36:26,29
2025-07-30 20:36:31,29
2025-07-30 20:36:36,29
2025-07-30 20:36:41,29
2025-07-30 20:36:46,29
2025-07-30 20:36:51,29
2025-07-30 20:36:56,29
2025-07-30 20:37:01,29
2025-07-30 20:37:06,29
2025-07-30 20:37:11,29
2025-07-30 20:37:16,29
2025-07-30 20:37:21,29
2025-07-30 20:37:26,29
2025-07-30 20:37:31,29
2025-07-30 20:37:36,29
2025-07-30 20:37:41,29
2025-07-30 20:37:46,29
2025-07-30 20:37:51,29
2025-07-30 20:37:56,29
2025-07-30 20:38:01,29
2025-07-30 20:38:06,29
2025-07-30 20:38:11,29
2025-07-30 20:38:16,29
2025-07-30 20:38:21,29
2025-07-30 20:38:26,29
2025-07-30 20:38:31,29
2025-07-30 20:38:36,29
2025-07-30 20:38:41,29
2025-07-30 20:38:46,29
2025-07-30 20:38:52,29
2025-07-30 20:38:57,29
2025-07-30 20:39:02,29
2025-07-30 20:39:07,29
2025-07-30 20:39:12,29
2025-07-30 20:39:17,29
2025-07-30 20:39:22,29
2025-07-30 20:39:27,29
2025-07-30 20:39:32,29
2025-07-30 20:39:37,29
2025-07-30 20:39:42,29
2025-07-30 20:39:47,29
2025-07-30 20:39:52,29
2025-07-30 20:39:57,29
2025-07-30 20:40:02,29
2025-07-30 20:40:07,29
2025-07-30 20:40:12,29
2025-07-30 20:40:17,29
2025-07-30 20:40:22,29
2025-07-30 20:40:27,29
2025-07-30 20:40:32,29
2025-07-30 20:40:37,29
2025-07-30 20:40:42,29
2025-07-30 20:40:47,29
2025-07-30 20:40:53,29
2025-07-30 20:40:58,29
2025-07-30 20:41:03,29
2025-07-30 20:41:08,29
2025-07-30 20:41:13,29
2025-07-30 20:41:18,29
2025-07-30 20:41:23,29
2025-07-30 20:41:28,29
2025-07-30 20:41:33,29
2025-07-30 20:41:38,29
2025-07-30 20:41:43,29
2025-07-30 20:41:48,29
2025-07-30 20:41:53,29
2025-07-30 20:41:59,29
2025-07-30 20:42:04,29
2025-07-30 20:42:09,29
2025-07-30 20:42:14,29
2025-07-30 20:42:19,29
2025-07-30 20:42:24,29
2025-07-30 20:42:29,29
2025-07-30 20:42:34,29
2025-07-30 20:42:39,29
2025-07-30 20:42:44,29
2025-07-30 20:42:49,29
2025-07-30 20:42:54,29
2025-07-30 20:42:59,29
2025-07-30 20:43:04,29
2025-07-30 20:43:09,29
2025-07-30 20:43:14,29
2025-07-30 20:43:19,29
2025-07-30 20:43:24,29
2025-07-30 20:43:29,29
2025-07-30 20:43:34,29
2025-07-30 20:43:39,29
2025-07-30 20:43:44,29
2025-07-30 20:43:49,29
2025-07-30 20:43:54,29
2025-07-30 20:43:59,29
2025-07-30 20:44:04,29
2025-07-30 20:44:09,29
2025-07-30 20:44:14,29
2025-07-30 20:44:19,29
2025-07-30 20:44:24,29
2025-07-30 20:44:29,29
2025-07-30 20:44:34,29
2025-07-30 20:44:39,29
2025-07-30 20:44:44,29
2025-07-30 20:44:49,29
2025-07-30 20:44:54,29
2025-07-30 20:45:00,29
2025-07-30 20:45:05,29
2025-07-30 20:45:10,29
2025-07-30 20:45:15,29
2025-07-30 20:45:20,29
2025-07-30 20:45:25,29
2025-07-30 20:45:30,29
2025-07-30 20:45:35,29
2025-07-30 20:45:40,29
2025-07-30 20:45:45,29
2025-07-30 20:45:50,29
2025-07-30 20:45:55,29
2025-07-30 20:46:00,29
2025-07-30 20:46:05,29
2025-07-30 20:46:10,29
2025-07-30 20:46:15,29
2025-07-30 20:46:20,29
2025-07-30 20:46:25,29
2025-07-30 20:46:30,29
2025-07-30 20:46:35,29
2025-07-30 20:46:40,29
2025-07-30 20:46:45,29
2025-07-30 20:46:50,29
2025-07-30 20:46:55,29
2025-07-30 20:47:00,29
2025-07-30 20:47:05,29
2025-07-30 20:47:10,29
2025-07-30 20:47:15,29
2025-07-30 20:47:20,29
2025-07-30 20:47:26,29
2025-07-30 20:47:31,29
2025-07-30 20:47:36,29
2025-07-30 20:47:41,29
2025-07-30 20:47:46,29
2025-07-30 20:47:51,29
2025-07-30 20:47:56,29
2025-07-30 20:48:02,29
2025-07-30 20:48:07,29
2025-07-30 20:48:12,29
2025-07-30 20:48:17,29
2025-07-30 20:48:22,29
2025-07-30 20:48:27,29
2025-07-30 20:48:32,29
2025-07-30 20:48:37,29
2025-07-30 20:48:42,29
2025-07-30 20:48:47,29
2025-07-30 20:48:52,29
2025-07-30 20:48:57,29
2025-07-30 20:49:02,29
2025-07-30 20:49:07,29
2025-07-30 20:49:12,29
2025-07-30 20:49:17,29
2025-07-30 20:49:22,29
2025-07-30 20:49:27,29
2025-07-30 20:49:32,29
2025-07-30 20:49:37,29
2025-07-30 20:49:42,29
2025-07-30 20:49:47,29
2025-07-30 20:49:52,29
2025-07-30 20:49:57,29
2025-07-30 20:50:02,29
2025-07-30 20:50:07,29
2025-07-30 20:50:12,29
2025-07-30 20:50:17,29
2025-07-30 20:50:22,29
2025-07-30 20:50:27,29
2025-07-30 20:50:32,29
2025-07-30 20:50:37,29
2025-07-30 20:50:42,29
2025-07-30 20:50:47,29
2025-07-30 20:50:52,29
2025-07-30 20:50:57,29
2025-07-30 20:51:03,29
2025-07-30 20:51:08,29
2025-07-30 20:51:13,29
2025-07-30 20:51:18,29
2025-07-30 20:51:23,29
2025-07-30 20:51:28,29
2025-07-30 20:51:33,29
2025-07-30 20:51:38,29
2025-07-30 20:51:43,29
2025-07-30 20:51:48,29
2025-07-30 20:51:53,29
2025-07-30 20:51:58,29
2025-07-30 20:52:03,29
2025-07-30 20:52:08,29
2025-07-30 20:52:13,29
2025-07-30 20:52:18,29
2025-07-30 20:52:23,29
2025-07-30 20:52:28,29
2025-07-30 20:52:33,29
2025-07-30 20:52:38,29
2025-07-30 20:52:43,29
2025-07-30 20:52:48,29
2025-07-30 20:52:53,29
2025-07-30 20:52:58,29
2025-07-30 20:53:03,29
2025-07-30 20:53:08,29
2025-07-30 20:53:13,29
2025-07-30 20:53:18,29
2025-07-30 20:53:23,29
2025-07-30 20:53:28,29
2025-07-30 20:53:33,29
2025-07-30 20:53:38,29
2025-07-30 20:53:43,29
2025-07-30 20:53:48,29
2025-07-30 20:53:53,29
2025-07-30 20:53:58,29
2025-07-30 20:54:05,29
2025-07-30 20:54:10,29
2025-07-30 20:54:15,29
2025-07-30 20:54:20,29
2025-07-30 20:54:25,29
2025-07-30 20:54:30,29
2025-07-30 20:54:35,29
2025-07-30 20:54:40,29
2025-07-30 20:54:45,29
2025-07-30 20:54:50,29
2025-07-30 20:54:55,29
2025-07-30 20:55:00,29
2025-07-30 20:55:05,29
2025-07-30 20:55:10,29
2025-07-30 20:55:15,29
2025-07-30 20:55:20,29
2025-07-30 20:55:25,29
2025-07-30 20:55:30,29
2025-07-30 20:55:35,29
2025-07-30 20:55:40,29
2025-07-30 20:55:45,29
2025-07-30 20:55:50,29
2025-07-30 20:55:55,29
2025-07-30 20:56:00,29
2025-07-30 20:56:05,29
2025-07-30 20:56:10,29
2025-07-30 20:56:15,29
2025-07-30 20:56:20,29
2025-07-30 20:56:25,29
2025-07-30 20:56:30,29
2025-07-30 20:56:35,29
2025-07-30 20:56:40,29
2025-07-30 20:56:45,29
2025-07-30 20:56:50,29
2025-07-30 20:56:55,29
2025-07-30 20:57:00,29
2025-07-30 20:57:05,29
2025-07-30 20:57:11,29
2025-07-30 20:57:15,29
2025-07-30 20:57:21,29
2025-07-30 20:57:26,29
2025-07-30 20:57:31,29
2025-07-30 20:57:36,29
2025-07-30 20:57:41,29
2025-07-30 20:57:46,29
2025-07-30 20:57:51,29
2025-07-30 20:57:56,29
2025-07-30 20:58:01,29
2025-07-30 20:58:06,29
2025-07-30 20:58:11,29
2025-07-30 20:58:16,29
2025-07-30 20:58:21,29
2025-07-30 20:58:26,29
2025-07-30 20:58:31,29
2025-07-30 20:58:36,29
2025-07-30 20:58:41,29
2025-07-30 20:58:46,29
2025-07-30 20:58:51,29
2025-07-30 20:58:56,29
2025-07-30 20:59:01,29
2025-07-30 20:59:06,29
2025-07-30 20:59:11,29
2025-07-30 20:59:16,29
2025-07-30 20:59:21,28
2025-07-30 20:59:26,29
2025-07-30 20:59:31,29
2025-07-30 20:59:36,29
2025-07-30 20:59:41,28
2025-07-30 20:59:46,29
2025-07-30 20:59:51,29
2025-07-30 20:59:56,29
2025-07-30 21:00:01,29
2025-07-30 21:00:06,29
2025-07-30 21:00:12,28
2025-07-30 21:09:47,29
2025-07-30 21:09:50,28
2025-07-30 21:09:53,29
2025-07-30 21:09:56,28
2025-07-30 21:09:59,29
2025-07-30 21:10:02,28
2025-07-30 21:10:05,29
2025-07-30 21:10:08,29
2025-07-30 21:10:11,29
2025-08-03 18:25:34,28
2025-08-03 18:25:39,28
2025-08-03 18:26:17,28
2025-08-03 18:26:20,28
2025-08-03 18:26:24,28
2025-08-03 18:26:29,28
2025-08-03 18:26:34,28
2025-08-03 18:26:39,28
2025-08-03 18:26:44,28
2025-08-03 18:26:49,28
2025-08-03 18:26:54,28
2025-08-03 18:26:59,28
2025-08-03 18:27:04,28
2025-08-03 18:27:09,28
2025-08-03 18:27:14,28
2025-08-03 18:27:19,28
2025-08-03 18:27:24,28
2025-08-03 18:27:29,28
2025-08-03 18:27:34,28
2025-08-03 18:27:39,28
2025-08-03 18:27:44,28
2025-08-03 18:27:49,28
2025-08-03 18:27:54,28
2025-08-03 18:27:59,28
2025-08-03 18:28:04,28
2025-08-03 18:28:09,28
2025-08-03 18:28:14,28
2025-08-03 18:28:19,28
2025-08-03 18:28:24,28
2025-08-03 18:28:29,28
2025-08-03 18:28:35,28
2025-08-03 18:28:40,28
2025-08-03 18:28:45,28
2025-08-03 18:28:50,28
2025-08-03 18:28:55,28
2025-08-03 18:29:00,28
2025-08-03 18:29:05,28
2025-08-03 18:29:10,28
2025-08-03 18:29:15,28
2025-08-03 18:29:20,28
2025-08-03 18:29:26,28
2025-08-03 18:29:31,28
2025-08-03 18:29:36,28
2025-08-03 18:29:41,28
2025-08-03 18:29:46,28
2025-08-03 18:29:51,28
2025-08-03 18:29:56,28
2025-08-03 18:30:01,28
2025-08-03 18:30:06,28
2025-08-03 18:30:11,28
2025-08-03 18:30:16,28
2025-08-03 18:30:21,28
2025-08-03 18:30:26,28
2025-08-03 18:30:31,28
2025-08-03 18:30:36,28
2025-08-03 18:30:41,28
2025-08-03 18:30:46,28
2025-08-03 18:30:55,28
2025-08-03 18:31:00,28
2025-08-03 18:31:05,28
2025-08-03 18:31:10,28
2025-08-03 18:31:15,28
2025-08-03 18:31:20,28
2025-08-03 18:31:25,28
2025-08-03 18:31:30,28
2025-08-03 18:31:35,28
2025-08-03 18:31:40,28
2025-08-03 18:31:45,28
2025-08-03 18:31:50,28
2025-08-03 18:31:55,28
2025-08-03 18:32:00,28
2025-08-03 18:32:06,28
2025-08-03 18:32:10,28
2025-08-03 18:32:16,28
2025-08-03 18:32:21,28
2025-08-03 18:32:26,28
2025-08-03 18:32:31,28
2025-08-03 18:32:36,28
2025-08-03 18:32:41,28
2025-08-03 18:32:46,28
2025-08-03 18:32:51,28
2025-08-03 18:32:56,28
2025-08-03 18:33:01,28
2025-08-03 18:33:06,28
2025-08-03 18:33:11,28
2025-08-03 18:33:16,28
2025-08-03 18:33:21,28
2025-08-03 18:33:26,28
2025-08-03 18:33:31,28
2025-08-03 18:33:36,28
2025-08-03 18:33:41,28
2025-08-03 18:33:46,28
2025-08-03 18:33:51,28
2025-08-03 18:33:56,28
2025-08-03 18:34:01,28
2025-08-03 18:34:06,28
2025-08-03 18:34:11,28
2025-08-03 18:34:16,28
2025-08-03 18:34:21,28
2025-08-03 18:34:26,28
2025-08-03 18:34:31,28
2025-08-03 18:34:36,28
2025-08-03 18:34:41,28
2025-08-03 18:34:46,28
2025-08-03 18:34:51,28
2025-08-03 18:52:33,28
2025-08-03 18:52:38,28
2025-08-03 18:52:43,28
2025-08-03 18:52:48,28
2025-08-03 18:52:54,28
2025-08-03 18:52:59,28
2025-08-03 18:53:04,28
2025-08-03 18:53:09,28
2025-08-03 18:53:14,28
2025-08-03 18:53:19,28
2025-08-03 20:21:54,28
2025-08-03 20:22:54,28
2025-08-03 20:23:55,28
2025-08-03 20:24:56,28
2025-08-03 20:25:57,28
2025-08-03 20:25:58,28
2025-08-03 20:26:58,28
2025-08-03 20:30:24,28
2025-08-03 20:31:25,28
2025-08-03 20:32:26,28
2025-08-03 20:33:46,28
2025-08-03 20:38:59,28
2025-08-03 20:40:55,28
2025-08-03 20:41:17,28
2025-08-03 20:43:27,28
2025-08-03 20:44:28,28
2025-08-03 20:46:39,28
2025-08-03 20:47:40,28
2025-08-03 20:48:41,28
2025-08-03 20:51:37,28
2025-08-03 20:52:37,28
2025-08-03 20:52:38,28
2025-08-03 20:53:38,28
2025-08-03 20:54:39,28
2025-08-03 20:55:40,28
2025-08-03 20:56:40,28
2025-08-03 20:56:41,28
2025-08-03 20:57:41,28
2025-08-03 20:58:42,28
2025-08-03 20:59:43,28
2025-08-03 20:59:43,27
2025-08-03 21:00:44,28
2025-08-03 21:01:45,28
2025-08-03 21:02:46,28
2025-08-03 21:03:46,28
2025-08-03 21:04:47,28
2025-08-03 21:04:47,27
2025-08-03 21:05:47,27
2025-08-03 21:05:47,28
2025-08-03 21:05:48,28
2025-08-03 21:06:48,27
2025-08-03 21:06:48,28
2025-08-03 21:07:49,28
2025-08-03 21:08:49,28
2025-08-03 21:08:50,28
2025-08-03 21:09:50,28
2025-08-03 21:11:02,28
2025-08-03 21:12:02,28
2025-08-03 21:13:03,28
2025-08-03 21:14:03,28
2025-08-03 21:15:04,28
2025-08-03 21:16:04,28
2025-08-03 21:17:05,28
2025-08-03 21:18:05,28
2025-08-03 21:19:06,28
2025-08-03 21:20:07,28
2025-08-03 21:24:20,28
2025-08-03 21:25:21,28
2025-08-03 21:26:21,28
2025-08-03 21:27:22,28
2025-08-03 21:28:22,28
2025-08-03 21:29:23,28
2025-08-03 21:30:23,28
2025-08-03 21:31:24,28
2025-08-03 21:32:25,28
2025-08-03 21:33:25,28
2025-08-03 21:34:26,28
2025-08-03 21:35:26,28
2025-08-03 21:36:27,28
2025-08-03 21:37:27,28
2025-08-03 21:38:28,28
2025-08-03 21:47:55,27
2025-08-03 21:48:00,27
2025-08-03 21:48:05,27
2025-08-07 14:47:07,30
2025-08-07 14:48:07,30
2025-08-07 14:49:08,30
2025-08-07 14:50:08,30
2025-08-07 14:51:09,30
2025-08-07 15:07:43,30
2025-08-07 15:08:44,30
2025-08-07 15:09:45,30
2025-08-07 15:10:45,30
2025-08-07 15:11:46,30
2025-08-07 15:12:47,30
2025-08-07 15:13:48,30
2025-08-07 15:14:49,30
2025-08-07 15:15:49,30
2025-08-07 15:16:50,30
2025-08-07 15:27:54,30
2025-08-07 15:28:55,30
2025-08-07 15:29:56,30
2025-08-07 15:30:56,30
2025-08-07 15:31:57,30
2025-08-07 15:32:58,30
2025-08-07 15:33:59,30
2025-08-07 15:35:00,30
2025-08-07 15:36:00,30
2025-08-07 15:37:01,30
2025-08-07 15:38:02,30
2025-08-07 15:39:03,30
2025-08-07 15:40:04,30
2025-08-07 15:41:04,30
2025-08-07 15:42:05,30
2025-08-07 15:43:06,30
2025-08-07 15:44:07,30
2025-08-07 15:45:08,30
2025-08-07 15:46:09,30
2025-08-07 15:47:09,30
2025-08-07 15:48:10,30
2025-08-07 15:49:11,30
2025-08-07 15:50:12,30
2025-08-07 15:51:12,30
2025-08-07 15:52:13,30
2025-08-07 15:53:51,30
2025-08-07 15:54:52,30
2025-08-07 15:55:52,30
2025-08-07 15:56:53,30
2025-08-07 15:57:54,30
2025-08-08 21:40:06,30
2025-08-08 21:41:07,30
2025-08-08 21:42:07,30
2025-08-08 21:43:08,30
2025-08-08 21:44:09,30
